Game Number, ctrl+alt+shift+;, Num Players, Mode, Map, Result, Network, Host, game master
1, 9/25/2020 21:12:42, 5, normal, skeld, normal, online, erik, erik
2, 9/25/2020 21:19:04, 6, normal, skeld, normal, online, erik, erik
3, 9/25/2020 21:26:05, 6, normal, skeld, normal, online, erik, erik
4, 9/25/2020 21:32:58, 6, normal, skeld, normal, online, erik, erik
5, 9/25/2020 21:38:53, 6, normal, skeld, normal, online, erik, erik
6, 9/25/2020 21:45:27, 6, normal, skeld, normal, online, erik, erik
7, 9/25/2020 21:52:31, 6, normal, skeld, normal, online, erik, erik
8, 9/25/2020 21:55:11, 6, normal, skeld, normal, online, erik, erik
9, 9/25/2020 22:01:54, 7, normal, skeld, normal, online, erik, erik
10, 9/25/2020 22:26:59, 7, normal, skeld, normal, online, mitch, erik
11, 9/25/2020 22:30:16, 7, normal, skeld, normal, online, mitch, erik
12, 9/25/2020 22:49:23, 6, normal, skeld, erik fd up, online, mitch, erik
13, 9/25/2020 22:54:58, 6, normal, skeld, normal, online, mitch, erik
14, 9/25/2020 23:09:14, 6, normal, skeld, normal, online, mitch, erik
15, 9/25/2020 23:25:28, 6, normal, skeld, normal, online, mitch, erik
16, 9/25/2020 23:31:21, 6, normal, skeld, normal, online, mitch, erik
17, 9/25/2020 23:51:55, 6, normal, skeld, normal, online, mitch, erik
18, 9/25/2020 23:58:46, 6, tag, skeld, normal, online, mitch, erik
19, 9/26/2020 0:01:41, 6, tag, skeld, normal, online, mitch, erik
20, 9/26/2020 0:05:02, 6, tag, skeld, normal, online, mitch, erik
21, 9/26/2020 0:13:48, 6, tag, skeld, normal, online, mitch, erik
22, 9/26/2020 0:13:53, 6, normal, skeld, mitch fd up, online, mitch, erik
23, 9/26/2020 0:18:37, 6, normal, skeld, normal, online, mitch, erik
24, 9/26/2020 0:30:50, 6, normal, skeld, normal, online, mitch, erik
25, 9/26/2020 0:43:46, 7, normal, skeld, normal, online, mitch, erik
26, 9/26/2020 0:57:38, 7, normal, skeld, normal, online, mitch, erik
27, 9/26/2020 1:07:09, 7, normal, skeld, normal, online, mitch, erik
28, 9/26/2020 1:18:53, 8, normal, skeld, normal, online, mitch, erik
29, 9/26/2020 1:29:16, 8, normal, skeld, normal, online, mitch, erik
30, 9/26/2020 1:37:59, 8, normal, skeld, normal, online, mitch, erik
31, 9/26/2020 1:48:37, 8, normal, skeld, normal, online, mitch, erik
32, 9/26/2020 1:58:47, 8, tag, skeld, normal, online, mitch, erik
33, 9/26/2020 2:03:08, 8, tag, skeld, normal, online, mitch, erik
34, 9/26/2020 2:07:19, 8, tag, skeld, normal, online, mitch, erik
35, 9/26/2020 2:10:40, 8, tag, skeld, normal, online, mitch, erik
36, 9/26/2020 2:20:33, 9, normal, skeld, normal, online, mitch, erik
37, 9/26/2020 2:31:22, 9, normal, skeld, normal, online, mitch, erik
38, 9/26/2020 2:39:28, 9, normal, skeld, normal, online, mitch, erik
39, 9/26/2020 2:51:15, 8, normal, mira, normal, online, mitch, erik
40, 9/26/2020 2:58:49, 8, normal, mira, normal, online, mitch, erik